{"cameraMode":{"drawMode":0,"name":"Shaded","section":"Shading Mode"},"sceneLighting":true,"audioPlay":false,"sceneViewState":{"showFog":true,"showMaterialUpdate":false,"showSkybox":true,"showFlares":true,"showImageEffects":true,"showParticleSystems":true},"in2DMode":false,"pivot":{"x":14.232091903686524,"y":10.100421905517579,"z":-33.68690872192383},"rotation":{"x":-0.0000584962144785095,"y":0.9998053908348084,"z":-0.019498679786920549,"w":-0.0029994251672178509},"size":43.272735595703128,"orthographic":false}