{"cameraMode":{"drawMode":0,"name":"Shaded","section":"Shading Mode"},"sceneLighting":true,"audioPlay":false,"sceneViewState":{"showFog":true,"showMaterialUpdate":false,"showSkybox":true,"showFlares":true,"showImageEffects":true,"showParticleSystems":true},"in2DMode":false,"pivot":{"x":-9.185624122619629,"y":0.8790865540504456,"z":-1.871443748474121},"rotation":{"x":0.09804211556911469,"y":-0.6479989290237427,"z":0.08465747535228729,"w":0.75054532289505},"size":40.544151306152347,"orthographic":false}