{"cameraMode":{"drawMode":0,"name":"Shaded","section":"Shading Mode"},"sceneLighting":true,"audioPlay":false,"sceneViewState":{"showFog":true,"showMaterialUpdate":false,"showSkybox":true,"showFlares":true,"showImageEffects":true,"showParticleSystems":true},"in2DMode":false,"pivot":{"x":-14.054437637329102,"y":4.558233261108398,"z":3.0866518020629885},"rotation":{"x":0.06392984092235565,"y":-0.9027436375617981,"z":0.14420108497142793,"w":0.40021634101867678},"size":28.777099609375,"orthographic":false}