{"cameraMode":{"drawMode":0,"name":"Shaded","section":"Shading Mode"},"sceneLighting":true,"audioPlay":false,"sceneViewState":{"showFog":true,"showMaterialUpdate":false,"showSkybox":true,"showFlares":true,"showImageEffects":true,"showParticleSystems":true},"in2DMode":false,"pivot":{"x":-35.400272369384769,"y":-11.40843391418457,"z":-4.932104587554932},"rotation":{"x":0.19150367379188538,"y":-0.6516883373260498,"z":0.17510934174060822,"w":0.7127169370651245},"size":59.41038131713867,"orthographic":false}