{"cameraMode":{"drawMode":0,"name":"Shaded","section":"Shading Mode"},"sceneLighting":true,"audioPlay":false,"sceneViewState":{"showFog":true,"showMaterialUpdate":false,"showSkybox":true,"showFlares":true,"showImageEffects":true,"showParticleSystems":true},"in2DMode":false,"pivot":{"x":11.347654342651368,"y":3.165837526321411,"z":-10.065199851989746},"rotation":{"x":-0.023759357631206514,"y":0.9710676074028015,"z":-0.21093906462192536,"w":-0.10939829051494599},"size":4.975254058837891,"orthographic":false}