{"cameraMode":{"drawMode":0,"name":"Shaded","section":"Shading Mode"},"sceneLighting":true,"audioPlay":false,"sceneViewState":{"showFog":true,"showMaterialUpdate":false,"showSkybox":true,"showFlares":true,"showImageEffects":true,"showParticleSystems":true},"in2DMode":false,"pivot":{"x":6.570175647735596,"y":4.6303253173828129,"z":-12.541542053222657},"rotation":{"x":0.17032361030578614,"y":-0.29331690073013308,"z":0.05320115387439728,"w":0.9392150044441223},"size":26.75795555114746,"orthographic":false}