{"cameraMode":{"drawMode":0,"name":"Shaded","section":"Shading Mode"},"sceneLighting":true,"audioPlay":false,"sceneViewState":{"showFog":true,"showMaterialUpdate":false,"showSkybox":true,"showFlares":true,"showImageEffects":true,"showParticleSystems":true},"in2DMode":false,"pivot":{"x":-2.5440282821655275,"y":-12.073934555053711,"z":-6.0276312828063969},"rotation":{"x":0.4742071330547333,"y":-0.5120055675506592,"z":0.4169343113899231,"w":0.5823605060577393},"size":61.89067840576172,"orthographic":false}