{"cameraMode":{"drawMode":0,"name":"Shaded","section":"Shading Mode"},"sceneLighting":true,"audioPlay":false,"sceneViewState":{"showFog":true,"showMaterialUpdate":false,"showSkybox":true,"showFlares":true,"showImageEffects":true,"showParticleSystems":true},"in2DMode":false,"pivot":{"x":8.753735542297364,"y":-6.979736804962158,"z":-15.311065673828125},"rotation":{"x":0.34512901306152346,"y":0.6054877638816834,"z":-0.3275553584098816,"w":0.6379483342170715},"size":20.834810256958009,"orthographic":false}