{"cameraMode":{"drawMode":0,"name":"Shaded","section":"Shading Mode"},"sceneLighting":true,"audioPlay":false,"sceneViewState":{"showFog":true,"showMaterialUpdate":false,"showSkybox":true,"showFlares":true,"showImageEffects":true,"showParticleSystems":true},"in2DMode":false,"pivot":{"x":-2.2316715717315676,"y":-10.706263542175293,"z":-13.152803421020508},"rotation":{"x":-0.03965179622173309,"y":-0.7399340867996216,"z":0.6700817942619324,"w":-0.04377024620771408},"size":48.8728141784668,"orthographic":false}